{"Yung Hefner": [[0.10624032467603683, 0.5538527369499207, 0.4485812783241272, 0.024311553686857224, 2.18376088142395, 0.0, 0.0, 2.537709951400757, 0.0, 4.956834316253662, 3.0656039714813232, 0.0, 0.0, 12.346863746643066, 0.0003702194371726364, 5.836018085479736, 0.003341127885505557, 0.09148876368999481, 0.0, 0.0, 0.0, 0.0, 0.8064643144607544, 0.0, 4.456657886505127, 0.07127231359481812, 0.0, 0.0, 0.3149702847003937, 0.0, 0.0, 0.40306442975997925]], "Бомба": [[0.3586839735507965, 0.1866590678691864, 1.4536209106445312, 0.007733943406492472, 3.8514938354492188, 0.0, 0.0, 2.769742012023926, 0.0, 3.9369421005249023, 4.288588047027588, 0.0, 0.0, 14.579180717468262, 0.0, 6.822352886199951, 0.0, 0.13344015181064606, 0.0, 0.0, 0.0, 0.0, 2.9544148445129395, 0.0, 7.719572067260742, 0.27025502920150757, 0.0, 0.0, 0.06812600791454315, 0.0, 0.0, 0.16624094545841217]], "23": [[0.5074289441108704, 0.15084576606750488, 1.3759068250656128, 0.25839608907699585, 2.0410115718841553, 0.0, 0.0, 2.664577007293701, 0.0, 1.8017126321792603, 2.590620756149292, 0.0, 0.008472551591694355, 7.409434795379639, 0.001186832902021706, 1.7879172563552856, 0.02410390041768551, 0.10602296143770218, 0.0, 0.0, 0.0, 0.0, 2.8431200981140137, 0.0, 4.418097496032715, 0.20161359012126923, 0.0, 0.0, 2.256309986114502, 0.0, 0.009056822396814823, 2.5400617122650146]], "Вот так": [[0.48818081617355347, 0.2218669056892395, 0.350328654050827, 0.0, 1.7871330976486206, 0.0, 0.0, 3.671152353286743, 0.0, 3.8008549213409424, 3.826063394546509, 0.0, 0.0, 10.159043312072754, 0.0, 5.1075119972229, 0.00040915756835602224, 0.014710589312016964, 0.0, 0.0, 0.0, 0.0, 1.9458489418029785, 0.0, 3.5028223991394043, 0.05988440290093422, 0.0, 0.0, 0.25945958495140076, 0.0, 0.0, 0.24569787085056305]], "#движ": [[0.21985846757888794, 0.11279276758432388, 1.3402842283248901, 0.038209445774555206, 4.09187126159668, 0.0, 0.0, 1.383184790611267, 0.0, 3.48333740234375, 2.7972159385681152, 0.0, 0.0, 12.25826358795166, 0.0, 6.1871819496154785, 0.0, 0.08793223649263382, 0.0, 0.0, 0.0, 0.0, 1.541489601135254, 0.0, 7.488982200622559, 0.7923134565353394, 0.0, 0.0, 0.40097469091415405, 0.0, 0.011198034510016441, 0.3734405040740967]], "Набирай Высоту": [[0.23448683321475983, 0.2727334797382355, 3.3189308643341064, 0.005443992093205452, 6.194596767425537, 0.0, 0.0, 1.5521808862686157, 0.0, 5.051563262939453, 4.872901916503906, 0.0, 0.0, 14.728852272033691, 0.0, 9.825282096862793, 0.0007934518507681787, 0.10241043567657471, 0.002233529230579734, 0.0, 0.0, 0.0, 1.1530349254608154, 0.0, 7.940179824829102, 0.40160492062568665, 0.0, 0.0, 0.36945101618766785, 0.0, 0.0, 0.3761482238769531]], "В жизни так бывает": [[0.3623625636100769, 0.09412972629070282, 0.7494136095046997, 0.046616654843091965, 1.8751490116119385, 0.0, 0.0, 3.870279550552368, 0.0, 0.8665903210639954, 7.597421646118164, 0.0, 0.0, 12.319138526916504, 0.010974355973303318, 3.5534636974334717, 0.0, 0.041871488094329834, 0.0, 0.0, 0.0, 0.0, 5.415154457092285, 0.0, 5.7198920249938965, 0.13341331481933594, 0.0, 0.0, 0.2527039051055908, 0.0, 0.0, 0.4392249584197998]], "3-е сентября": [[2.246934413909912, 0.1652815043926239, 2.967717170715332, 0.32902589440345764, 3.2090604305267334, 0.0, 0.0, 5.131876468658447, 0.0, 0.03978970646858215, 7.689573287963867, 0.0, 0.0, 2.6962978839874268, 0.0, 0.42250287532806396, 0.0005429183365777135, 0.02618640474975109, 0.001043827971443534, 0.0, 0.0, 0.0, 5.05003547668457, 0.0, 4.552053451538086, 0.09380209445953369, 0.0, 0.0, 4.082862377166748, 0.0, 0.0, 2.6889090538024902]], "Бросай": [[0.10530930757522583, 0.5145670771598816, 0.3054201900959015, 0.107613705098629, 1.5874704122543335, 0.0, 0.0, 4.829164028167725, 0.0, 2.0676727294921875, 5.382821559906006, 0.0, 0.0, 10.402414321899414, 0.006565093994140625, 2.6384027004241943, 0.0, 0.0022762950975447893, 0.0, 0.0, 0.0, 0.0, 2.6750175952911377, 0.0, 2.690908670425415, 0.0, 0.0, 0.0, 0.852929949760437, 0.0, 0.0, 1.1083749532699585]], "1": [[0.9254894852638245, 0.06053450331091881, 0.3225773870944977, 0.2728506922721863, 0.6217210292816162, 0.0, 0.0, 4.599769592285156, 0.0, 1.2092782258987427, 6.19157075881958, 0.0, 0.0, 9.016622543334961, 0.0032245132606476545, 2.261780261993408, 0.0004517663619481027, 0.0, 0.0, 0.0, 0.0, 0.0, 5.452406406402588, 0.0, 4.486510276794434, 0.0, 0.0013880778569728136, 0.0, 0.9770603775978088, 0.0, 0.0, 1.6200000047683716]], "Всё в твоих руках": [[4.4089741706848145, 0.07475006580352783, 0.705950915813446, 0.025593619793653488, 5.049330234527588, 0.0, 0.0, 6.376275062561035, 0.004650585353374481, 1.1074669361114502, 9.845614433288574, 0.0, 0.0, 6.318576335906982, 0.0, 3.877488136291504, 0.0017139094416052103, 0.07921959459781647, 0.0, 0.0, 0.0, 0.0, 5.507945537567139, 0.0, 6.789792537689209, 0.06831044703722, 0.0, 0.0, 0.5244492292404175, 0.0, 0.0, 0.5951226949691772]], "Бумер": [[0.12031889706850052, 0.28573092818260193, 1.8710800409317017, 0.03403779864311218, 4.166140079498291, 0.0, 0.0, 1.4024114608764648, 0.0, 4.944140911102295, 2.490619421005249, 0.0, 0.013522635214030743, 11.107422828674316, 0.0, 5.898748874664307, 0.0002177269198000431, 0.0830276608467102, 0.0017593168886378407, 0.0, 0.0, 0.0, 1.1333951950073242, 0.0, 7.75054407119751, 0.40305081009864807, 0.0, 0.0, 1.0145031213760376, 0.0, 0.009671895764768124, 0.7396254539489746]], "Волны моря": [[0.65305495262146, 0.08102558553218842, 2.776017904281616, 0.09178480505943298, 3.925856351852417, 0.0, 0.0, 1.7468353509902954, 0.0, 0.6007847785949707, 4.395740985870361, 0.0, 0.0, 7.463422775268555, 0.00885942205786705, 2.387899875640869, 0.0039103347808122635, 0.07609473168849945, 0.008046885952353477, 0.0, 0.0, 0.0, 3.5854270458221436, 0.0, 6.2458672523498535, 0.8504073619842529, 0.0, 0.0, 1.2763930559158325, 0.0, 0.00951842125505209, 0.882846474647522]], "Беги": [[0.44788676500320435, 0.10888367146253586, 1.2199156284332275, 0.1447916328907013, 3.0812695026397705, 0.0, 0.0, 3.038094997406006, 0.0, 2.044682025909424, 4.934027194976807, 0.0, 0.0, 9.94144344329834, 0.0, 2.943905830383301, 0.010864944197237492, 0.10913773626089096, 0.0, 0.0, 0.0, 0.0, 3.623342990875244, 0.0, 6.270119667053223, 0.3252669870853424, 0.0, 0.0, 1.2020879983901978, 0.0, 0.009603175334632397, 1.5297801494598389]], "Выдыхай": [[0.2287171185016632, 0.11830219626426697, 0.3259144723415375, 0.037071991711854935, 2.0600624084472656, 0.0, 0.0, 2.893235206604004, 0.0, 3.2761852741241455, 3.021148920059204, 0.0, 0.007898936048150063, 10.321967124938965, 0.0, 4.141298294067383, 0.003907805774360895, 0.06597106903791428, 0.0, 0.0, 0.0, 0.0, 2.35617733001709, 0.0, 4.927544116973877, 0.03390000760555267, 0.0, 0.0, 0.5401598215103149, 0.0, 0.0005795814213342965, 0.5905899405479431]], "Бинокль": [[1.036836862564087, 0.11889217793941498, 2.1715080738067627, 0.29043182730674744, 2.8699686527252197, 0.0, 0.0, 3.2265567779541016, 0.0, 1.654429316520691, 4.231860160827637, 0.0, 0.0, 8.555026054382324, 0.0, 2.221374273300171, 0.0, 0.10193252563476562, 0.004900835920125246, 0.0, 0.0, 0.0, 4.770693302154541, 0.0, 6.791937828063965, 0.5437138080596924, 0.004382411949336529, 0.0, 2.082141637802124, 0.0, 0.00011418374197091907, 2.057624101638794]], "Владимирский централ": [[1.0185328722000122, 0.0757160559296608, 2.1148183345794678, 0.7206842303276062, 1.8315553665161133, 0.0, 0.0, 3.9388301372528076, 0.0, 0.26005518436431885, 6.430918216705322, 0.0, 0.0, 4.101348400115967, 0.01309891976416111, 0.745499849319458, 0.0022181638050824404, 0.046794526278972626, 0.0015128548257052898, 0.0, 0.0, 0.0, 4.117051124572754, 0.0, 3.454568386077881, 0.07501688599586487, 0.0, 0.0, 2.7863497734069824, 0.0, 0.001625391305424273, 2.41184401512146]],