{"Yung Hefner": [[0.10742077231407166, 0.5600066781044006, 0.4535655081272125, 0.024581681936979294, 2.2080249786376953, 0.0, 0.0, 2.565906524658203, 0.0, 5.011910438537598, 3.0996663570404053, 0.0, 0.0, 12.484050750732422, 0.00037433297256939113, 5.900862693786621, 0.0033782515674829483, 0.0925053060054779, 0.0, 0.0, 0.0, 0.0, 0.8154250383377075, 0.0, 4.506175994873047, 0.07206422835588455, 0.0, 0.0, 0.31846997141838074, 0.0, 0.0, 0.4075429141521454]], "Бумер": [[0.12135613709688187, 0.2881941497325897, 1.8872101306915283, 0.03433122858405113, 4.20205545425415, 0.0, 0.0, 1.4145009517669678, 0.0, 4.986761093139648, 2.5120902061462402, 0.0, 0.013639209792017937, 11.203180313110352, 0.0, 5.949601173400879, 0.00021960386948194355, 0.08374342322349548, 0.0017744834767654538, 0.0, 0.0, 0.0, 1.1431657075881958, 0.0, 7.8173604011535645, 0.4065254330635071, 0.0, 0.0, 1.0232487916946411, 0.0, 0.009755274280905724, 0.7460016012191772]], "Бомба": [[0.36169812083244324, 0.18822762370109558, 1.4658361673355103, 0.007798934821039438, 3.883859395980835, 0.0, 0.0, 2.7930171489715576, 0.0, 3.9700255393981934, 4.324626445770264, 0.0, 0.0, 14.701695442199707, 0.0, 6.879683971405029, 0.0, 0.13456149399280548, 0.0, 0.0, 0.0, 0.0, 2.9792418479919434, 0.0, 7.78444242477417, 0.2725260853767395, 0.0, 0.0, 0.06869849562644958, 0.0, 0.0, 0.1676379293203354]], "23": [[0.5109284520149231, 0.15188607573509216, 1.385395884513855, 0.2601781487464905, 2.0550875663757324, 0.0, 0.0, 2.6829535961151123, 0.0, 1.8141382932662964, 2.608487129211426, 0.0, 0.008530983701348305, 7.46053409576416, 0.001195017946884036, 1.8002476692199707, 0.024270134046673775, 0.10675415396690369, 0.0, 0.0, 0.0, 0.0, 2.8627278804779053, 0.0, 4.448566913604736, 0.20300401747226715, 0.0, 0.0, 2.2718708515167236, 0.0, 0.009119282476603985, 2.557579278945923]], "Вот так": [[0.49399247765541077, 0.2245081663131714, 0.3544992208480835, 0.0, 1.808408498764038, 0.0, 0.0, 3.7148563861846924, 0.0, 3.8461031913757324, 3.8716118335723877, 0.0, 0.0, 10.279984474182129, 0.0, 5.168315887451172, 0.000414028501836583, 0.014885715208947659, 0.0, 0.0, 0.0, 0.0, 1.9690138101577759, 0.0, 3.544522523880005, 0.060597311705350876, 0.0, 0.0, 0.26254838705062866, 0.0, 0.0, 0.2486228495836258]], "#движ": [[0.22158963978290558, 0.113680899143219, 1.3508375883102417, 0.03851030766963959, 4.124090671539307, 0.0, 0.0, 1.3940759897232056, 0.0, 3.510765314102173, 2.8192412853240967, 0.0, 0.0, 12.354784965515137, 0.0, 6.235899925231934, 0.0, 0.08862461894750595, 0.0, 0.0, 0.0, 0.0, 1.553627371788025, 0.0, 7.547950744628906, 0.7985521554946899, 0.0, 0.0, 0.4041319787502289, 0.0, 0.011286208406090736, 0.376380980014801]], "В жизни так бывает": [[0.36500754952430725, 0.09481680393218994, 0.7548837661743164, 0.046956922858953476, 1.8888362646102905, 0.0, 0.0, 3.8985297679901123, 0.0, 0.8729158043861389, 7.652877330780029, 0.0, 0.0, 12.409059524536133, 0.011054460890591145, 3.5794014930725098, 0.0, 0.042177122086286545, 0.0, 0.0, 0.0, 0.0, 5.454681396484375, 0.0, 5.761642932891846, 0.13438713550567627, 0.0, 0.0, 0.25454846024513245, 0.0, 0.0, 0.4424309730529785]], "3-е сентября": [[2.2557458877563477, 0.1659296602010727, 2.9793553352355957, 0.3303161859512329, 3.221644878387451, 0.0, 0.0, 5.15200138092041, 0.0, 0.03994574397802353, 7.719728469848633, 0.0, 0.0, 2.706871509552002, 0.0, 0.4241597354412079, 0.0005450474563986063, 0.026289096102118492, 0.0010479213669896126, 0.0, 0.0, 0.0, 5.0698394775390625, 0.0, 4.569904804229736, 0.09416994452476501, 0.0, 0.0, 4.098873615264893, 0.0, 0.0, 2.699453830718994]], "Бросай": [[0.10595143586397171, 0.5177046656608582, 0.3072825074195862, 0.10826989263296127, 1.5971500873565674, 0.0, 0.0, 4.858610153198242, 0.0, 2.080280303955078, 5.415643692016602, 0.0, 0.0, 10.465843200683594, 0.006605125032365322, 2.6544904708862305, 0.0, 0.0022901748307049274, 0.0, 0.0, 0.0, 0.0, 2.691328763961792, 0.0, 2.7073166370391846, 0.0, 0.0, 0.0, 0.8581307530403137, 0.0, 0.0, 1.115133285522461]], "1": [[0.9342204928398132, 0.06110558286309242, 0.3256205916404724, 0.2754247486591339, 0.627586305141449, 0.0, 0.0, 4.643163681030273, 0.0, 1.2206865549087524, 6.24998140335083, 0.0, 0.0, 9.101685523986816, 0.0032549332827329636, 2.2831177711486816, 0.0004560283268801868, 0.0, 0.0, 0.0, 0.0, 0.0, 5.503844261169434, 0.0, 4.528835773468018, 0.0, 0.0014011729508638382, 0.0, 0.9862779378890991, 0.0, 0.0, 1.6352829933166504]], "Всё в твоих руках": [[4.442630767822266, 0.07532067596912384, 0.7113398909568787, 0.025788990780711174, 5.087874889373779, 0.0, 0.0, 6.4249491691589355, 0.004686086438596249, 1.115920901298523, 9.920771598815918, 0.0, 0.0, 6.366809844970703, 0.0, 3.9070873260498047, 0.0017269926611334085, 0.07982432097196579, 0.0, 0.0, 0.0, 0.0, 5.549991130828857, 0.0, 6.841623306274414, 0.0688319057226181, 0.0, 0.0, 0.5284526348114014, 0.0, 0.0, 0.599665641784668]], "Волны моря": [[0.6576865315437317, 0.08160023391246796, 2.795706033706665, 0.09243576228618622, 3.9536993503570557, 0.0, 0.0, 1.7592241764068604, 0.0, 0.6050456762313843, 4.426916599273682, 0.0, 0.0, 7.516355037689209, 0.008922254666686058, 2.4048354625701904, 0.003938067238777876, 0.07663440704345703, 0.008103955537080765, 0.0, 0.0, 0.0, 3.6108555793762207, 0.0, 6.290163993835449, 0.8564385771751404, 0.0, 0.0, 1.2854455709457397, 0.0, 0.009585927240550518, 0.8891077637672424]], "Беги": [[0.45149877667427063, 0.10976176708936691, 1.2297537326812744, 0.1459593027830124, 3.1061184406280518, 0.0, 0.0, 3.062595844268799, 0.0, 2.061171531677246, 4.973817825317383, 0.0, 0.0, 10.021615982055664, 0.0, 2.967646837234497, 0.010952564887702465, 0.11001787334680557, 0.0, 0.0, 0.0, 0.0, 3.6525635719299316, 0.0, 6.320684909820557, 0.3278901278972626, 0.0, 0.0, 1.2117822170257568, 0.0, 0.009680620394647121, 1.5421171188354492]], "Выдыхай": [[0.23031653463840485, 0.1191294863820076, 0.3281935751438141, 0.0373312383890152, 2.0744683742523193, 0.0, 0.0, 2.9134674072265625, 0.0, 3.299095630645752, 3.042275905609131, 0.0, 0.007954172790050507, 10.394148826599121, 0.0, 4.170258522033691, 0.00393513310700655, 0.0664324089884758, 0.0, 0.0, 0.0, 0.0, 2.3726539611816406, 0.0, 4.962002277374268, 0.034137073904275894, 0.0, 0.0, 0.5439371466636658, 0.0, 0.0005836344789713621, 0.5947199463844299]], "Бинокль": [[1.044296145439148, 0.11974751949310303, 2.1871304512023926, 0.29252126812934875, 2.890615940093994, 0.0, 0.0, 3.249769449234009, 0.0, 1.6663316488265991, 4.26230525970459, 0.0, 0.0, 8.616572380065918, 0.0, 2.2373554706573486, 0.0, 0.10266585648059845, 0.004936093930155039, 0.0, 0.0, 0.0, 4.8050150871276855, 0.0, 6.840800762176514, 0.5476254224777222, 0.004413940012454987, 0.0, 2.097121000289917, 0.0, 0.000115005204861518, 2.072427272796631]], "Владимирский централ": [[1.02422297000885, 0.07613904774188995, 2.1266329288482666, 0.7247104048728943, 1.8417874574661255, 0.0, 0.0, 3.9608349800109863, 0.0, 0.2615080177783966, 6.466845512390137, 0.0, 0.0, 4.124260902404785, 0.013172097504138947, 0.7496646642684937, 0.0022305557504296303, 0.04705594852566719, 0.0015213064616546035, 0.0, 0.0, 0.0, 4.140051364898682, 0.0, 3.473867654800415, 0.07543597370386124, 0.0, 0.0, 2.8019158840179443, 0.0, 0.001634471700526774, 2.4253180027008057]], "18+": [[0.2844354808330536, 0.05926806852221489, 0.7828198671340942, 0.006052934564650059, 3.2684988975524902, 0.0, 0.0, 1.7462468147277832, 0.0, 5.2497663497924805, 2.7219908237457275, 0.0, 0.0, 11.596613883972168, 0.0009704142576083541, 5.478520393371582, 0.0, 0.06531354039907455, 0.0, 0.0, 0.0, 0.0, 2.133328676223755, 0.0, 10.270364761352539, 0.545171320438385, 0.0017828494310379028, 0.0, 0.6053900122642517, 0.0, 0.032118793576955795, 0.672832190990448]],